email,password,userType
user12@example.com,Password1!,Agent
user22@example.com,P@ssw0rd2,Agent
user32@example.com,SecurePwd3*,Renter
user42@example.com,Pa$$word4,Agent
user52@example.com,Strong5@Pwd,Renter
user62@example.com,Pwd6#E@example,Agent
user72@example.com,Passw0rd7$,Agent
user82@example.com,User8@Pwd,Renter
user92@example.com,Password9$,Agent
user102@example.com,SecurePwd10!,Agent
user112@example.com,P@ssw0rd11,Renter
user122@example.com,Strong12#Pwd,Agent
user132@example.com,Pwd13$E@example,Agent
user142@example.com,Passw0rd14!,Renter
user152@example.com,User15#Pwd,Agent
user162@example.com,Password16$,Agent
user172@example.com,SecurePwd17*,Renter
user182@example.com,P@ssw0rd18,Agent
user192@example.com,Strong19@Pwd,Agent
user202@example.com,Pwd20$E@example,Renter
user212@example.com,Passw0rd21!,Agent
user222@example.com,User22@Pwd,Renter
user232@example.com,Password23$,Agent
user242@example.com,SecurePwd24*,Agent
user252@example.com,P@ssw0rd25,Renter
user262@example.com,Strong26#Pwd,Agent
user272@example.com,Pwd27$E@example,Agent
user282@example.com,Passw0rd28!,Renter
user292@example.com,User29#Pwd,Agent
user302@example.com,Password30$,Agent
user312@example.com,SecurePwd31*,Renter
user322@example.com,P@ssw0rd32,Agent
user332@example.com,Strong33@Pwd,Agent
user342@example.com,Pwd34$E@example,Renter
user352@example.com,Passw0rd35!,Agent
user362@example.com,User36@Pwd,Agent
user372@example.com,Password37$,Renter
user382@example.com,SecurePwd38*,Agent
user392@example.com,P@ssw0rd39,Agent
user402@example.com,Strong40#Pwd,Renter
user412@example.com,Pwd41$E@example,Agent
user422@example.com,Passw0rd42!,Agent
user432@example.com,User43#Pwd,Renter
user442@example.com,Password44$,Agent
user452@example.com,SecurePwd45*,Agent
user462@example.com,P@ssw0rd46,Renter
user472@example.com,Strong47@Pwd,Agent
user482@example.com,Pwd48$E@example,Agent
user492@example.com,Passw0rd49!,Renter
user502@example.com,User50@Pwd,Agent
user512@example.com,Password51$,Agent
user522@example.com,SecurePwd52*,Renter
user532@example.com,P@ssw0rd53,Agent
user542@example.com,Strong54#Pwd,Agent
user552@example.com,Pwd55$E@example,Renter
user562@example.com,Passw0rd56!,Agent
user572@example.com,User57#Pwd,Agent
user582@example.com,Password58$,Renter
user592@example.com,SecurePwd59*,Agent
user602@example.com,P@ssw0rd60,Agent
user612@example.com,Strong61@Pwd,Renter
user622@example.com,Pwd62$E@example,Agent
user632@example.com,Passw0rd63!,Agent
user642@example.com,User64@Pwd,Renter
user652@example.com,Password65$,Agent
user662@example.com,SecurePwd66*,Agent
user672@example.com,P@ssw0rd67,Renter
user682@example.com,Strong68#Pwd,Agent
user692@example.com,Pwd69$E@example,Agent
user702@example.com,Passw0rd70!,Renter
user712@example.com,User71#Pwd,Agent
user722@example.com,Password72$,Agent
user732@example.com,SecurePwd73*,Renter
user742@example.com,P@ssw0rd74,Agent
user752@example.com,Strong75@Pwd,Agent
user762@example.com,Pwd76$E@example,Renter
user772@example.com,Passw0rd77!,Agent
user782@example.com,User78@Pwd,Agent
user792@example.com,Password79$,Renter
user802@example.com,SecurePwd80*,Agent
user812@example.com,P@ssw0rd81,Agent
user822@example.com,Strong82#Pwd,Renter
user832@example.com,Pwd83$E@example,Agent
user842@example.com,Passw0rd84!,Agent
user852@example.com,User85#Pwd,Renter
user862@example.com,Password86$,Agent
user872@example.com,SecurePwd87*,Agent
user882@example.com,P@ssw0rd88,Renter
user892@example.com,Strong89#Pwd,Agent
user902@example.com,Pwd90$E@example,Agent
user912@example.com,Passw0rd91!,Renter
user922@example.com,User92@Pwd,Agent
user932@example.com,Password93$,Agent
user942@example.com,SecurePwd94*,Renter
user952@example.com,P@ssw0rd95,Agent
user962@example.com,Strong96#Pwd,Agent
user972@example.com,Pwd97$E@example,Renter
user982@example.com,Passw0rd98!,Agent
user992@example.com,User99#Pwd,Agent
user1002@example.com,Password100$,Renter
user1012@example.com,SecurePwd101*,Agent
user1022@example.com,P@ssw0rd102,Agent
user1032@example.com,Strong103#Pwd,Renter
user1042@example.com,Pwd104$E@example,Agent
user1052@example.com,Passw0rd105!,Agent
user1062@example.com,User106@Pwd,Renter
user1072@example.com,Password107$,Agent
user1082@example.com,SecurePwd108*,Agent
user1092@example.com,P@ssw0rd109,Renter
user1102@example.com,Strong110#Pwd,Agent
user1112@example.com,Pwd111$E@example,Agent
user1122@example.com,Passw0rd112!,Renter
user1132@example.com,User113#Pwd,Agent
user1142@example.com,Password114$,Agent
user1152@example.com,SecurePwd115*,Renter
user1162@example.com,P@ssw0rd116,Agent
user1172@example.com,Strong117#Pwd,Agent
user1182@example.com,Pwd118$E@example,Renter
user1192@example.com,Passw0rd119!,Agent
user1202@example.com,User120@Pwd,Agent
user1212@example.com,Password121$,Renter
user1222@example.com,SecurePwd122*,Agent
user1232@example.com,P@ssw0rd123,Agent
user1242@example.com,Strong124#Pwd,Renter
user1252@example.com,Pwd125$E@example,Agent
user1262@example.com,Passw0rd126!,Agent
user1272@example.com,User127#Pwd,Renter
user1282@example.com,Password128$,Agent
user1292@example.com,SecurePwd129*,Agent
user1302@example.com,P@ssw0rd130,Renter
user1312@example.com,Strong131#Pwd,Agent
user1322@example.com,Pwd132$E@example,Agent
user1332@example.com,Passw0rd133!,Renter
user1342@example.com,User134@Pwd,Agent
user1352@example.com,Password135$,Agent
user1362@example.com,SecurePwd136*,Renter
user1372@example.com,P@ssw0rd137,Agent
user1382@example.com,Strong138#Pwd,Agent
user1392@example.com,Pwd139$E@example,Renter
user1402@example.com,Passw0rd140!,Agent
user1412@example.com,User141#Pwd,Agent
user1422@example.com,Password142$,Renter
user1432@example.com,SecurePwd143*,Agent
user1442@example.com,P@ssw0rd144,Agent
user1452@example.com,Strong145#Pwd,Renter
user1462@example.com,Pwd146$E@example,Agent
user1472@example.com,Passw0rd147!,Agent
user1482@example.com,User148@Pwd,Renter
user1492@example.com,Password149$,Agent
user1502@example.com,SecurePwd150*,Agent
user1512@example.com,P@ssw0rd151,Renter
user1522@example.com,Strong152#Pwd,Agent
user1532@example.com,Pwd153$E@example,Agent
user1542@example.com,Passw0rd154!,Renter
user1552@example.com,User155#Pwd,Agent
user1562@example.com,Password156$,Agent
user1572@example.com,SecurePwd157*,Renter
user1582@example.com,P@ssw0rd158,Agent
user1592@example.com,Strong159#Pwd,Agent
user1602@example.com,Pwd160$E@example,Renter
user1612@example.com,Passw0rd161!,Agent
user1622@example.com,User162@Pwd,Agent
user1632@example.com,Password163$,Renter
user1642@example.com,SecurePwd164*,Agent
user1652@example.com,P@ssw0rd165,Agent
user1662@example.com,Strong166#Pwd,Renter
user1672@example.com,Pwd167$E@example,Agent
user1682@example.com,Passw0rd168!,Agent
user1692@example.com,User169#Pwd,Renter
user1702@example.com,Password170$,Agent
user1712@example.com,SecurePwd171*,Agent
user1722@example.com,P@ssw0rd172,Renter
user1732@example.com,Strong173#Pwd,Agent
user1742@example.com,Pwd174$E@example,Agent
user1752@example.com,Passw0rd175!,Renter
user1762@example.com,User176@Pwd,Agent
user1772@example.com,Password177$,Agent
user1782@example.com,SecurePwd178*,Renter
user1792@example.com,P@ssw0rd179,Agent
user1802@example.com,Strong180#Pwd,Agent
user1812@example.com,Pwd181$E@example,Renter
user1822@example.com,Passw0rd182!,Agent
user1832@example.com,User183#Pwd,Agent
user1842@example.com,Password184$,Renter
user1852@example.com,SecurePwd185*,Agent
user1862@example.com,P@ssw0rd186,Agent
user1872@example.com,Strong187#Pwd,Renter
user1882@example.com,Pwd188$E@example,Agent
user1892@example.com,Passw0rd189!,Agent
user1902@example.com,User190@Pwd,Renter
user1912@example.com,Password191$,Agent
user1922@example.com,SecurePwd192*,Agent
user1932@example.com,P@ssw0rd193,Renter
user1942@example.com,Strong194#Pwd,Agent
user1952@example.com,Pwd195$E@example,Agent
user1962@example.com,Passw0rd196!,Renter
user1972@example.com,User197#Pwd,Agent
user1982@example.com,Password198$,Agent
user1992@example.com,SecurePwd199*,Renter
user2002@example.com,P@ssw0rd200,Agent
user2012@example.com,Strong201#Pwd,Agent
user2022@example.com,Pwd202$E@example,Renter
user2032@example.com,Passw0rd203!,Agent
user2042@example.com,User204@Pwd,Agent
user2052@example.com,Password205$,Renter
user2062@example.com,SecurePwd206*,Agent
user2072@example.com,P@ssw0rd207,Agent
user2082@example.com,Strong208#Pwd,Renter
user2092@example.com,Pwd209$E@example,Agent
user2102@example.com,Passw0rd210!,Agent
user2112@example.com,User211#Pwd,Renter
user2122@example.com,Password212$,Agent
user2132@example.com,SecurePwd213*,Agent
user2142@example.com,P@ssw0rd214,Renter
user2152@example.com,Strong215#Pwd,Agent
user2162@example.com,Pwd216$E@example,Agent
user2172@example.com,Passw0rd217!,Renter
user2182@example.com,User218@Pwd,Agent
user2192@example.com,Password219$,Agent
user2202@example.com,SecurePwd220*,Renter
user2212@example.com,P@ssw0rd221,Agent
user2222@example.com,Strong222#Pwd,Agent
user2232@example.com,Pwd223$E@example,Renter
user2242@example.com,Passw0rd224!,Agent
user2252@example.com,User225#Pwd,Agent
user2262@example.com,Password226$,Renter
user2272@example.com,SecurePwd227*,Agent
user2282@example.com,P@ssw0rd228,Agent
user2292@example.com,Strong229#Pwd,Renter
user2302@example.com,Pwd230$E@example,Agent
user2312@example.com,Passw0rd231!,Agent
user2322@example.com,User232@Pwd,Renter
user2332@example.com,Password233$,Agent
user2342@example.com,SecurePwd234*,Agent
user2352@example.com,P@ssw0rd235,Renter
user2362@example.com,Strong236#Pwd,Agent
user2372@example.com,Pwd237$E@example,Agent
user2382@example.com,Passw0rd238!,Renter
user2392@example.com,User239#Pwd,Agent
user2402@example.com,Password240$,Agent
user2412@example.com,SecurePwd241*,Renter
user2422@example.com,P@ssw0rd242,Agent
user2432@example.com,Strong243#Pwd,Agent
user2442@example.com,Pwd244$E@example,Renter
user2452@example.com,Passw0rd245!,Agent
user2462@example.com,User246@Pwd,Agent
user2472@example.com,Password247$,Renter
user2482@example.com,SecurePwd248*,Agent
user2492@example.com,P@ssw0rd249,Agent
user2502@example.com,Strong250#Pwd,Renter
user2512@example.com,Pwd251$E@example,Agent
user2522@example.com,Passw0rd252!,Agent
user2532@example.com,User253#Pwd,Renter
user2542@example.com,Password254$,Agent
user2552@example.com,SecurePwd255*,Agent
user2562@example.com,P@ssw0rd256,Renter
user2572@example.com,Strong257#Pwd,Agent
user2582@example.com,Pwd258$E@example,Agent
user2592@example.com,Passw0rd259!,Renter
user2602@example.com,User260@Pwd,Agent
user2612@example.com,Password261$,Agent
user2622@example.com,SecurePwd262*,Renter
user2632@example.com,P@ssw0rd263,Agent
user2642@example.com,Strong264#Pwd,Agent
user2652@example.com,Pwd265$E@example,Renter
user2662@example.com,Passw0rd266!,Agent
user2672@example.com,User267#Pwd,Agent
user2682@example.com,Password268$,Renter
user2692@example.com,SecurePwd269*,Agent
user2702@example.com,P@ssw0rd270,Agent
user2712@example.com,Strong271#Pwd,Renter
user2722@example.com,Pwd272$E@example,Agent
user2732@example.com,Passw0rd273!,Agent
user2742@example.com,User274@Pwd,Renter
user2752@example.com,Password275$,Agent
user2762@example.com,SecurePwd276*,Agent
user2772@example.com,P@ssw0rd277,Renter
user2782@example.com,Strong278#Pwd,Agent
user2792@example.com,Pwd279$E@example,Agent
user2802@example.com,Passw0rd280!,Renter
user2812@example.com,User281#Pwd,Agent
user2822@example.com,Password282$,Agent
user2832@example.com,SecurePwd283*,Renter
user2842@example.com,P@ssw0rd284,Agent
user2852@example.com,Strong285#Pwd,Agent
user2862@example.com,Pwd286$E@example,Agent
user2872@example.com,Passw0rd287!,Renter
user2882@example.com,User288@Pwd,Agent
user2892@example.com,Password289$,Agent
user2902@example.com,SecurePwd290*,Renter
user2912@example.com,P@ssw0rd291,Agent
user2922@example.com,Strong292#Pwd,Agent
user2932@example.com,Pwd293$E@example,Agent
user2942@example.com,Passw0rd294!,Renter
user2952@example.com,User295#Pwd,Agent
user2962@example.com,Password296$,Agent
user2972@example.com,SecurePwd297*,Renter
user2982@example.com,P@ssw0rd298,Agent
user2992@example.com,Strong299#Pwd,Agent
user3002@example.com,Pwd300$E@example,Renter
user3012@example.com,Passw0rd301!,Agent
user3022@example.com,User302@Pwd,Agent
user3032@example.com,Password303$,Renter
user3042@example.com,SecurePwd304*,Agent
user3052@example.com,P@ssw0rd305,Agent
user3062@example.com,Strong306#Pwd,Renter
user3072@example.com,Pwd307$E@example,Agent
user3082@example.com,Passw0rd308!,Agent
user3092@example.com,User309#Pwd,Renter
user3102@example.com,Password310$,Agent
user3112@example.com,SecurePwd311*,Agent
user3122@example.com,P@ssw0rd312,Renter
user3132@example.com,Strong313#Pwd,Agent
user3142@example.com,Pwd314$E@example,Agent
user3152@example.com,Passw0rd315!,Renter
user3162@example.com,User316@Pwd,Agent
user3172@example.com,Password317$,Agent
user3182@example.com,SecurePwd318*,Renter
user3192@example.com,P@ssw0rd319,Agent
user3202@example.com,Strong320#Pwd,Agent
user3212@example.com,Pwd321$E@example,Renter
user3222@example.com,Passw0rd322!,Agent
user3232@example.com,User323#Pwd,Agent
user3242@example.com,Password324$,Renter
user3252@example.com,SecurePwd325*,Agent
user3262@example.com,P@ssw0rd326,Agent
user3272@example.com,Strong327#Pwd,Renter
user3282@example.com,Pwd328$E@example,Agent
user3292@example.com,Passw0rd329!,Agent
user3302@example.com,User330@Pwd,Renter
user3312@example.com,Password331$,Agent
user3322@example.com,SecurePwd332*,Agent
user3332@example.com,P@ssw0rd333,Renter
user3342@example.com,Strong334#Pwd,Agent
user3352@example.com,Pwd335$E@example,Agent
user3362@example.com,Passw0rd336!,Renter
user3372@example.com,User337#Pwd,Agent
user3382@example.com,Password338$,Agent
user3392@example.com,SecurePwd339*,Renter
user3402@example.com,P@ssw0rd340,Agent
user3412@example.com,Strong341#Pwd,Agent
user3422@example.com,Pwd342$E@example,Agent
user3432@example.com,Passw0rd343!,Renter
user3442@example.com,User344@Pwd,Agent
user3452@example.com,Password345$,Agent
user3462@example.com,SecurePwd346*,Renter
user3472@example.com,P@ssw0rd347,Agent
user3482@example.com,Strong348#Pwd,Agent
user3492@example.com,Pwd349$E@example,Agent
user3502@example.com,Passw0rd350!,Renter
user3512@example.com,User351#Pwd,Agent
user3522@example.com,Password352$,Agent
user3532@example.com,SecurePwd353*,Renter
user3542@example.com,P@ssw0rd354,Agent
user3552@example.com,Strong355#Pwd,Agent
user3562@example.com,Pwd356$E@example,Agent
user3572@example.com,Passw0rd357!,Renter
user3582@example.com,User358@Pwd,Agent
user3592@example.com,Password359$,Agent
user3602@example.com,SecurePwd360*,Renter
user3612@example.com,P@ssw0rd361,Agent
user3622@example.com,Strong362#Pwd,Agent
user3632@example.com,Pwd363$E@example,Agent
user3642@example.com,Passw0rd364!,Renter
user3652@example.com,User365#Pwd,Agent
user3662@example.com,Password366$,Agent
user3672@example.com,SecurePwd367*,Renter
user3682@example.com,P@ssw0rd368,Agent
user3692@example.com,Strong369#Pwd,Agent
user3702@example.com,Pwd370$E@example,Renter
user3712@example.com,Passw0rd371!,Agent
user3722@example.com,User372@Pwd,Agent
user3732@example.com,Password373$,Renter
user3742@example.com,SecurePwd374*,Agent
user3752@example.com,P@ssw0rd375,Agent
user3762@example.com,Strong376#Pwd,Agent
user3772@example.com,Pwd377$E@example,Agent
user3782@example.com,Passw0rd378!,Renter
user3792@example.com,User379#Pwd,Agent
user3802@example.com,Password380$,Agent
user3812@example.com,SecurePwd381*,Renter
user3822@example.com,P@ssw0rd382,Agent
user3832@example.com,Strong383#Pwd,Agent
user3842@example.com,Pwd384$E@example,Renter
user3852@example.com,Passw0rd385!,Agent
user3862@example.com,User386@Pwd,Agent
user3872@example.com,Password387$,Renter
user3882@example.com,SecurePwd388*,Agent
user3892@example.com,P@ssw0rd389,Agent
user3902@example.com,Strong390#Pwd,Agent
user3912@example.com,Pwd391$E@example,Renter
user3922@example.com,Passw0rd392!,Agent
user3932@example.com,User393#Pwd,Agent
user3942@example.com,Password394$,Renter
user3952@example.com,SecurePwd395*,Agent
user3962@example.com,P@ssw0rd396,Agent
user3972@example.com,Strong397#Pwd,Agent
user3982@example.com,Pwd398$E@example,Renter
user3992@example.com,Passw0rd399!,Agent
user4002@example.com,User400@Pwd,Agent
user4012@example.com,Password401$,Renter
user4022@example.com,SecurePwd402*,Agent
user4032@example.com,P@ssw0rd403,Agent
user4042@example.com,Strong404#Pwd,Agent
user4052@example.com,Pwd405$E@example,Renter
user4062@example.com,Passw0rd406!,Agent
user4072@example.com,User407#Pwd,Agent
user4082@example.com,Password408$,Renter
user4092@example.com,SecurePwd409*,Agent
user4102@example.com,P@ssw0rd410,Agent
user4112@example.com,Strong411#Pwd,Agent
user4122@example.com,Pwd412$E@example,Renter
user4132@example.com,Passw0rd413!,Agent
user4142@example.com,User414@Pwd,Agent
user4152@example.com,Password415$,Renter
user4162@example.com,SecurePwd416*,Agent
user4172@example.com,P@ssw0rd417,Agent
user4182@example.com,Strong418#Pwd,Agent
user4192@example.com,Pwd419$E@example,Renter
user4202@example.com,Passw0rd420!,Agent
user4212@example.com,User421#Pwd,Agent
user4222@example.com,Password422$,Renter
user4232@example.com,SecurePwd423*,Agent
user4242@example.com,P@ssw0rd424,Agent
user4252@example.com,Strong425#Pwd,Agent
user4262@example.com,Pwd426$E@example,Renter
user4272@example.com,Passw0rd427!,Agent
user4282@example.com,User428@Pwd,Agent
user4292@example.com,Password429$,Renter
user4302@example.com,SecurePwd430*,Agent
user4312@example.com,P@ssw0rd431,Agent
user4322@example.com,Strong432#Pwd,Agent
user4332@example.com,Pwd433$E@example,Renter
user4342@example.com,Passw0rd434!,Agent
user4352@example.com,User435#Pwd,Agent
user4362@example.com,Password436$,Renter
user4372@example.com,SecurePwd437*,Agent
user4382@example.com,P@ssw0rd438,Agent
user4392@example.com,Strong439#Pwd,Agent
user4402@example.com,Pwd440$E@example,Renter
user4412@example.com,Passw0rd441!,Agent
user4422@example.com,User442@Pwd,Agent
user4432@example.com,Password443$,Renter
user4442@example.com,SecurePwd444*,Agent
user4452@example.com,P@ssw0rd445,Agent
user4462@example.com,Strong446#Pwd,Agent
user4472@example.com,Pwd447$E@example,Renter
user4482@example.com,Passw0rd448!,Agent
user4492@example.com,User449#Pwd,Agent
user4502@example.com,Password450$,Renter
user4512@example.com,SecurePwd451*,Agent
user4522@example.com,P@ssw0rd452,Agent
user4532@example.com,Strong453#Pwd,Agent
user4542@example.com,Pwd454$E@example,Renter
user4552@example.com,Passw0rd455!,Agent
user4562@example.com,User456@Pwd,Agent
user4572@example.com,Password457$,Renter
user4582@example.com,SecurePwd458*,Agent
user4592@example.com,P@ssw0rd459,Agent
user4602@example.com,Strong460#Pwd,Agent
user4612@example.com,Pwd461$E@example,Renter
user4622@example.com,Passw0rd462!,Agent
user4632@example.com,User463#Pwd,Agent
user4642@example.com,Password464$,Renter
user4652@example.com,SecurePwd465*,Agent
user4662@example.com,P@ssw0rd466,Agent
user4672@example.com,Strong467#Pwd,Agent
user4682@example.com,Pwd468$E@example,Renter
user4692@example.com,Passw0rd469!,Agent
user4702@example.com,User470@Pwd,Agent
user4712@example.com,Password471$,Renter
user4722@example.com,SecurePwd472*,Agent
user4732@example.com,P@ssw0rd473,Agent
user4742@example.com,Strong474#Pwd,Agent
user4752@example.com,Pwd475$E@example,Renter
user4762@example.com,Passw0rd476!,Agent
user4772@example.com,User477#Pwd,Agent
user4782@example.com,Password478$,Renter
user4792@example.com,SecurePwd479*,Agent
user4802@example.com,P@ssw0rd480,Agent
user4812@example.com,Strong481#Pwd,Agent
user4822@example.com,Pwd482$E@example,Renter
user4832@example.com,Passw0rd483!,Agent
user4842@example.com,User484@Pwd,Agent
user4852@example.com,Password485$,Renter
user4862@example.com,SecurePwd486*,Agent
user4872@example.com,P@ssw0rd487,Agent
user4882@example.com,Strong488#Pwd,Agent
user4892@example.com,Pwd489$E@example,Renter
user4902@example.com,Passw0rd490!,Agent
user4912@example.com,User491#Pwd,Agent
user4922@example.com,Password492$,Renter
user4932@example.com,SecurePwd493*,Agent
user4942@example.com,P@ssw0rd494,Agent
user4952@example.com,Strong495#Pwd,Agent
user4962@example.com,Pwd496$E@example,Renter
user4972@example.com,Passw0rd497!,Agent
user4982@example.com,User498@Pwd,Agent
user4992@example.com,Password499$,Renter
user5002@example.com,SecurePwd500*,Agent
},,